"gene","AD_logFC","AD_padj","AD_label","AD_drug_logFC","AD_drug_padj","AD_drug_label"
"FOS",2.68841983217182,0,"up",-2.08250957712168,1.23567900543383e-268,"down"
"HSPA8",-2.63760092443883,0,"down",2.59855567660747,0,"up"
"ATP1A1",-2.71581849853895,4.70770124533921e-303,"down",2.64143106441847,5.53840916830071e-278,"up"
"EGR1",2.71798750514226,7.06095769018645e-251,"up",-1.56372523641332,7.53481374036656e-100,"down"
"GPNMB",-2.88785021422886,1.42583786523279e-243,"down",2.32553708532941,8.73713541811619e-138,"up"
"EIF3L",-2.05480495637907,2.53128580881738e-214,"down",1.97936270916927,1.18565133650424e-179,"up"
"PDIA6",-2.48882610444926,4.3596076729716e-211,"down",2.40549931149398,5.02205146065681e-203,"up"
"SYT2",-2.44103270482219,2.39468104637329e-208,"down",2.45977087929794,1.4544936142639e-215,"up"
"A2M",-1.92239986333797,2.3574392162956e-207,"down",2.15709076239104,1.6008884371634e-300,"up"
"SRA1",1.82880165327894,1.04895717302483e-184,"up",-1.57876076428572,1.1312157760564e-132,"down"
"DUSP1",2.03971916150719,1.14872806834286e-182,"up",-1.67014559620474,2.16797624065835e-121,"down"
"PSAP",-1.71031179997119,2.5637504585805e-180,"down",1.57810268745586,4.09420003295028e-161,"up"
"CNOT1",-1.76066346292693,5.5203313200638e-179,"down",1.68771909387997,4.15224386982739e-146,"up"
"PRKDC",-1.64961830787872,1.70003083149749e-165,"down",1.54274419152651,1.50141018689201e-143,"up"
"ABHD2",-2.57728371460754,2.87211261656685e-161,"down",2.46849916552291,6.8762708434428e-165,"up"
"IER2",2.3763969078338,3.55122363688962e-161,"up",-1.90377191997994,1.00315782598306e-114,"down"
"GNS",-1.75701862424951,1.04335042942934e-160,"down",1.72182404584148,3.26892121717031e-128,"up"
"MRC1",-2.97108645872463,5.10253180093977e-147,"down",2.27929198138887,8.69637508286406e-71,"up"
"FLNA",-2.18829265672229,5.86301892017777e-144,"down",2.27343346457946,4.8443147666478e-148,"up"
"SLC31A1",-1.67245256777108,2.42794211353675e-136,"down",1.58790973343094,1.15102532195451e-121,"up"
"GOLGA8A",1.99368737189366,4.76919335250415e-134,"up",-1.6584656781735,3.77238811188061e-135,"down"
"ARHGEF12",-2.56207573413103,1.73127290753241e-131,"down",2.15292433506515,9.10462903012596e-87,"up"
"RGS1",2.20351213720647,3.44770928058052e-129,"up",-1.60809541733322,4.87797872889712e-53,"down"
"MIR503HG",1.80076296275392,5.75336404920679e-126,"up",-1.73123346858071,2.42295903676066e-97,"down"
"MGAT5",-2.07382478503453,8.64530828935623e-125,"down",2.00508306134225,4.77740913273353e-117,"up"
"FGD5",-2.08048686445333,5.36037595345521e-120,"down",1.76549516781021,1.16906930601049e-100,"up"
"TSC22D3",1.92266280241836,1.01560422681539e-115,"up",-1.7147895351654,1.96288349762232e-77,"down"
"SMCR8",-1.89805571554055,5.76799436393121e-115,"down",1.90885107875451,1.62414075628267e-108,"up"
"EEF1A1P5",-2.09201188365142,5.55910383453867e-114,"down",1.90015550627172,4.17714544063968e-185,"up"
"LIPA",-1.56418679639065,1.49695541149614e-113,"down",1.71897092939501,4.97235863163902e-132,"up"
"NOTCH2",-1.77868012505895,8.90048033627406e-113,"down",1.74544206199438,6.41311161243002e-106,"up"
"NDRG1",-1.6912422360713,4.98886645057156e-111,"down",1.50153430737853,4.63104482156318e-79,"up"
"CMKLR1",-1.7814391912137,5.30957685912838e-110,"down",1.5493218380011,7.40246265083162e-84,"up"
"HYOU1",-2.11207587159707,5.41832604047643e-106,"down",2.03414644693963,2.12539678858829e-98,"up"
"SEL1L",-1.66678480110869,6.89059579558373e-104,"down",1.7600128879816,9.83494038982629e-103,"up"
"FKBP11",2.05138465787433,2.68993546065453e-96,"up",-1.68254481035475,5.35914405745005e-74,"down"
"CPD",-1.89112921875625,1.09441280334772e-95,"down",1.90888931564901,1.31196984992937e-105,"up"
"RALGAPA2",-1.55581053355226,1.17029029137233e-92,"down",1.57167260368967,3.51817230158182e-94,"up"
"PLA2G7",-2.04696065036448,1.9678385336926e-88,"down",1.90679219692297,1.05245863039801e-72,"up"
"APOB",-3.12667448239544,2.14943187896705e-87,"down",2.49782568369242,1.11486104762128e-45,"up"
"CD93",-1.61112843081585,2.6433706830539e-87,"down",1.63488467332639,1.76589348297696e-88,"up"
"ASCC3",-1.52377864230672,2.85528717446601e-87,"down",1.53155529054773,3.67932172803778e-77,"up"
"AP2B1",-1.58918631922912,3.43973474766307e-86,"down",1.57204471860366,1.25603029371227e-90,"up"
"CLEC2D",2.10306626360357,1.46514580788364e-85,"up",-1.79420568270919,8.23246455529604e-70,"down"
"TBC1D14",-2.16864301494044,7.31188859756556e-84,"down",2.30198702468504,8.41649543333529e-97,"up"
"CERS6",-2.38593198161281,2.94328894869895e-82,"down",2.49249810237848,4.43713113941557e-88,"up"
"CENATAC",1.96450043681202,1.93241834016485e-80,"up",-1.6316024969408,5.06040827683714e-85,"down"
"LRRC37A6P",-2.04256834042649,8.14645404926214e-80,"down",1.88221683914269,5.11203234263344e-74,"up"
"CSNK1A1",-1.57936697908837,1.0264379726493e-79,"down",1.54417477190742,3.91518367027585e-73,"up"
"CLASRP",1.58640003253221,1.54727625351997e-79,"up",-1.56374308963017,1.52186494223154e-84,"down"
"FOSB",4.20986564718831,2.74250363204872e-79,"up",-1.95646716631226,1.97585506007498e-24,"down"
"ITGA4",-1.60738986867414,9.65360160759429e-76,"down",1.53216334560504,2.48340408322038e-77,"up"
"SEC23B",-1.63724107832632,3.52486155026557e-74,"down",1.51672893535854,4.27761359428584e-65,"up"
"ARRB1",-1.59774707543854,8.01725289673545e-74,"down",1.65656436134468,3.8363825006917e-85,"up"
"ZNF700",1.87789726066447,9.68473319070443e-74,"up",-1.59412459224484,1.74794674085222e-76,"down"
"FMN1",-1.8017513425633,1.16181466121846e-73,"down",1.58872278374287,1.53148385037829e-53,"up"
"ASMTL-AS1",2.34906290658424,4.08934098595926e-72,"up",-1.90381255766375,1.39392793251609e-62,"down"
"SH3PXD2A",-1.71352062150104,3.49810737373057e-71,"down",1.51041440629322,7.94672924442768e-54,"up"
"SCARB2",-1.8392694441331,1.56287496222417e-70,"down",1.67630864530058,5.76161774286111e-53,"up"
"MLXIPL",1.88628175445492,3.05325096302528e-70,"up",-1.80354532038695,6.34075381687005e-77,"down"
"TBC1D5",-1.57717042486542,6.1645831553771e-70,"down",1.65344612403472,5.95957849417824e-87,"up"
"AGER",2.4284543780746,2.44915471984484e-69,"up",-2.08066254486698,1.20546284441851e-45,"down"
"PGM1",-1.86271815339584,2.20345912625545e-67,"down",1.72962685820005,2.13157177541604e-56,"up"
"TLR4",-1.75509652919728,6.54450828009647e-67,"down",1.69661500774762,4.11612424179009e-53,"up"
"ZNF26",1.67942335108375,8.33933120189141e-65,"up",-1.50523658245782,6.23502724195587e-39,"down"
"SLC36A1",-1.75454710481835,5.06288684268534e-64,"down",1.50395452197435,1.30148640600804e-45,"up"
"TDRD6",-2.68279531352771,7.04233446043571e-63,"down",2.35645102130565,6.97577940867826e-36,"up"
"NPIPB5",2.01121007154139,2.14704487317849e-62,"up",-1.78560210784483,3.12608642068108e-28,"down"
"PCDHGC3",-2.9243731849749,4.02596198596117e-60,"down",2.88682929657275,4.87474620526117e-53,"up"
"CANT1",-1.678692095299,4.43099233427058e-60,"down",1.55703946774398,3.69953750303097e-43,"up"
"CENPT",1.63403273903005,5.07196136755574e-60,"up",-1.62217227286707,3.67614403522096e-60,"down"
"NRIP1",-1.67445193832222,3.06768226581839e-59,"down",1.56620177050509,1.01141667379842e-55,"up"
"CARD9",1.75803563013386,3.25420532603893e-59,"up",-1.5729685946392,1.18384185084117e-41,"down"
"PTGFRN",-1.69876719751741,1.28171621828623e-58,"down",1.5194916203506,8.17967128880277e-50,"up"
"CCR5",-1.6633166126363,1.20700019062826e-57,"down",1.53011409937989,1.55114198060677e-48,"up"
"TMEM140",-2.75050256506236,8.17598649314124e-57,"down",2.73535574877915,6.5291037355138e-61,"up"
"ANTXR2",-2.96295146046994,5.49577726927467e-56,"down",2.64448464960452,2.12036820716633e-53,"up"
"EMP1",-2.09504468889666,6.37644413154345e-56,"down",2.06897150582519,7.09669433642069e-57,"up"
"SNX29",-1.70652290167445,8.14799572451618e-53,"down",1.59975380346282,6.09435379297413e-49,"up"
"BMP2K",-1.60290098845182,1.24585239647282e-52,"down",1.67259818195043,5.0223418090456e-58,"up"
"MCM2",-2.07599930899431,1.4900236632316e-52,"down",1.60899611749863,2.60068730012973e-39,"up"
"CERS2",-1.66368714720613,1.48634209266668e-51,"down",1.57107745612414,3.60647723734077e-48,"up"
"ANO6",-1.60209770432688,1.72200362240008e-51,"down",1.61325218582402,5.749102099032e-61,"up"
"RAB11FIP1",-1.60137192972316,5.73389462087738e-50,"down",1.63048822453428,9.75185261076792e-56,"up"
"UBASH3B",-1.66445088904169,9.08777216813194e-50,"down",1.69056656582094,2.08142741319925e-49,"up"
"ERMN",2.50715856404235,1.2469034971857e-49,"up",-2.67756856348888,5.01893113686228e-60,"down"
"SH3PXD2B",-2.20209802239498,2.22153336860105e-49,"down",1.79547170773886,4.63024861752535e-32,"up"
"SLC40A1",-2.15850766546795,6.4792164983156e-49,"down",1.75895803137269,6.44433933133767e-33,"up"
"MHENCR",2.18807115335813,9.69378176224295e-49,"up",-2.04071940449132,4.24923107341363e-31,"down"
"CYP51A1",-3.67015291505093,1.07319492476165e-47,"down",3.71702898655287,2.45958747486403e-51,"up"
"ZNF770",-1.77066558902985,9.39525001827375e-46,"down",1.60662504426716,5.88698060268046e-34,"up"
"MICAL2",-1.94193042193226,7.50476897658344e-45,"down",1.82978326556217,2.11976475966289e-43,"up"
"WDR7",-1.59713999875681,1.76455714816749e-43,"down",1.64124267749188,1.52305834351939e-54,"up"
"UBXN11",1.51250898717714,1.17573603940512e-40,"up",-1.64844540559882,2.05107230819117e-48,"down"
"H2BC21",2.25575341447573,2.80437009454629e-40,"up",-1.98234051144679,1.8517489452599e-33,"down"
"LMNA",-2.78981082246441,5.89624185674515e-40,"down",2.26864170558701,7.531719505982e-25,"up"
"MALAT1",2.21414833165342,1.29345288215049e-39,"up",-1.67918971335523,2.10533994318102e-24,"down"
"ZNF366",-1.90136188720358,1.12641473041717e-37,"down",1.91217039052901,1.53427392850302e-41,"up"
"REC8",2.34613207581345,2.98795588582577e-37,"up",-2.08405109712912,9.36462302975954e-39,"down"
"WDR90",1.7326337047327,3.13242285784187e-37,"up",-1.7092277351055,1.51913672780675e-31,"down"
"ABCA1",-2.25472741435885,3.1501101846414e-37,"down",1.53198224248447,9.46726222667081e-18,"up"
"GCC1",-1.60563230240746,3.43225272694637e-37,"down",1.57729427130948,1.12405336743043e-38,"up"
"GNA15-DT",2.46821837585261,4.47659416954366e-36,"up",-2.0511984034381,1.78315720860852e-37,"down"
"EPAS1",-3.1734036062461,1.11980138814984e-35,"down",2.38826004870905,9.43835304370282e-17,"up"
"NFATC3",-1.53902715939916,1.12354553665362e-35,"down",1.59406723722009,1.09863676820173e-40,"up"
"RTL6",-2.41959256549926,2.25657014946705e-34,"down",2.10645622941651,1.01110389462835e-30,"up"
"NBAS",-1.55427560814789,3.87611841560987e-34,"down",1.60612108645426,2.79678479191178e-36,"up"
"XACT",3.04910387275087,2.4307708300541e-33,"up",-2.18786943323642,6.09168326517657e-75,"down"
"NPIPB12",1.97777990541148,2.97760433092756e-33,"up",-1.90589794517666,7.01922655914128e-21,"down"
"MUL1",-1.57586374273466,1.1549578421006e-31,"down",1.546742733485,2.08638779200663e-29,"up"
"SPINK5",4.55271520373015,3.14665701661588e-31,"up",-1.7860900701641,4.31900734661565e-13,"down"
"CCL3L1",3.50731247949921,9.95776857251023e-31,"up",-2.08421425046705,9.26491630432015e-18,"down"
"USP37",-1.83793265185026,2.09405668964623e-30,"down",1.73773535737631,1.42080857174731e-30,"up"
"LPAR2",1.59110562126533,1.25358257282034e-29,"up",-1.67914395043779,8.87351109540869e-48,"down"
"PLCL2",-1.55287767545112,3.38392787198456e-29,"down",1.73614605505732,1.62462588060946e-43,"up"
"EGR3",2.39728101012708,1.03295300546239e-28,"up",-1.60583149662933,6.70280855697582e-21,"down"
"ARHGAP33",1.57762704728169,1.40152867733696e-28,"up",-1.64308187688424,3.55369518085607e-35,"down"
"VGLL4",-1.88880254890999,2.39024663850902e-28,"down",1.94590204478409,1.28319276511919e-32,"up"
"MMGT1",-1.73190958531372,3.08579148143809e-28,"down",1.76670348120782,4.63270685031597e-35,"up"
"ARHGAP27P1-BPTFP1-KPNA2P3",1.87590198900184,4.31408038418081e-28,"up",-1.59743357137066,7.24556154226006e-24,"down"
"TNFRSF13C",2.4006680440234,4.55214729205212e-27,"up",-1.89311524408626,2.88178338973676e-19,"down"
"SLC12A2",-1.64767097411,4.94421166456454e-27,"down",1.68237833684797,1.14896472482624e-36,"up"
"UNC119B",-1.6988973093698,2.34580852839721e-26,"down",1.82206835631772,1.74820424013555e-32,"up"
"TENM4",-1.62811466977998,3.32966280500603e-26,"down",1.62669690644275,2.13803363733173e-27,"up"
"RNASEH2B-AS1",1.72481050594246,3.36710271140473e-26,"up",-1.73564070557965,8.54779931484073e-26,"down"
"EGLN1",-2.21345073194459,8.61599681298295e-26,"down",1.9943885972947,1.30813338542953e-18,"up"
"SEMA3F-AS1",2.77557255813935,1.14076631372843e-25,"up",-1.95014018934146,1.56732453557246e-17,"down"
"HSH2D",2.31532650727239,1.4608237432086e-25,"up",-1.94911288632513,1.45938602676556e-25,"down"
"SELENOP",-2.72054423237378,1.83395885679576e-25,"down",2.01991834862416,4.11964093324733e-12,"up"
"TPM2",1.87374205579395,3.31282089254792e-25,"up",-1.67009800530637,4.24693890349662e-21,"down"
"F8",-2.04286337449437,1.03493390820745e-24,"down",1.75411093467886,3.24706015273446e-16,"up"
"PDXDC2P-NPIPB14P",1.61253252591822,2.0246850933362e-24,"up",-1.6036188894848,4.70530019626858e-26,"down"
"IL1RN",-1.78260922876068,7.92244061268077e-24,"down",1.99974378953844,2.66815452506211e-34,"up"
"TNFRSF10C",-1.85693327705622,1.10134014492878e-23,"down",1.5028627505688,8.27199582525281e-14,"up"
"SLC9A7P1",-2.6795911782184,1.14023740699037e-23,"down",2.26370817938807,3.63405769898663e-16,"up"
"DPRXP4",2.65291838116791,2.31120560065935e-23,"up",-2.15434362336248,1.4510289235625e-20,"down"
"NPIPB15",2.37038619428194,3.04224079661962e-23,"up",-2.0690670343457,2.96360069524787e-24,"down"
"NPEPL1",2.02642382148139,6.09126381698031e-23,"up",-1.79383994644736,1.800135168254e-21,"down"
"RAPH1",-1.63985422124828,3.42954650587961e-22,"down",1.68056899400963,1.62668086719954e-25,"up"
"MSNP1",-2.86433237825978,8.65686614793295e-22,"down",2.90396150614842,6.03860066963717e-24,"up"
"DNAJC14",-1.64301920245923,1.72511841086591e-21,"down",1.60908615280673,2.46445513453071e-22,"up"
"CCL3",1.59662858522941,1.45774834909368e-20,"up",-1.60881885491826,4.45674685051499e-19,"down"
"CCR2",-2.99849453885523,2.50292454657006e-20,"down",2.61192045686496,3.0074543830459e-15,"up"
"PDE4DIP",-1.74856042902349,2.5213060187402e-20,"down",1.80182089651398,3.95398559825656e-23,"up"
"NDUFA11",1.58764178628985,3.26869697605884e-20,"up",-1.76391039680371,4.01314512819623e-36,"down"
"ZBTB47-AS1",-2.55969874426447,5.69297633028701e-20,"down",2.43641514746818,1.06657209569614e-16,"up"
"DOCK1",-3.43658699543279,1.49619229459833e-19,"down",3.02530665281425,5.9337995048748e-14,"up"
"POU6F1",1.6443058241118,1.64049047759228e-19,"up",-1.51541690591538,1.08811155329135e-18,"down"
"RHEX",2.01012594786169,2.25188018989866e-19,"up",-2.3772641029005,1.97147678736212e-24,"down"
"ATP6V0D2",-4.05183492437724,3.23368240105105e-19,"down",3.28977975861116,1.67361458351899e-10,"up"
"RPL21P7",3.62673795575933,1.16975888272248e-18,"up",-2.21726462500653,7.26032971560998e-10,"down"
"NPIPB13",2.43656245955967,3.99879850843097e-18,"up",-2.47975613735727,4.04482005729175e-21,"down"
"MAN1A1",-2.16423726683083,4.43709539029738e-18,"down",2.06621821921773,1.84290977878085e-18,"up"
"MTND5P11",2.5201002422613,4.7803536806031e-18,"up",-1.78791615714001,1.12391589142043e-11,"down"
"RAPGEFL1",1.8524897201961,6.03978115142027e-18,"up",-2.02149913871335,0.000106157474615293,"down"
"SYT11",-2.00086134106794,6.75302351548129e-18,"down",2.04202066842783,1.77112691912192e-18,"up"
"HSPB7",-2.19006289882703,9.04805875376715e-18,"down",2.27255956417382,4.93773220124962e-23,"up"
"NPIPB11",1.94531562627805,9.78606245709995e-18,"up",-1.98691560830591,7.82282530975259e-21,"down"
"EIF4BP7",-2.38764976002528,1.31708553040111e-17,"down",2.15116409885505,9.14034258011337e-15,"up"
"LINC02930",1.99309570975376,5.25539590225094e-17,"up",-1.67411158167512,1.79469124388766e-12,"down"
"LINC02604",1.96476982797739,6.48781434409473e-17,"up",-1.85926683362214,1.90791519626582e-18,"down"
"PCDHGA10",-1.51125833898249,7.78515221132595e-17,"down",1.76487991400871,1.26691895558713e-23,"up"
"LCAT",1.93579004516128,1.25006249652169e-16,"up",-1.99519250117315,1.26259300312157e-19,"down"
"DHFRP1",-1.9205737131788,1.56588324888276e-16,"down",1.76005880278544,2.05424363282308e-13,"up"
"LINC01160",2.0744004338493,2.38263882763199e-16,"up",-1.6554400030971,3.78347060172821e-14,"down"
"NPIPB3",1.89733988453475,2.40791130715562e-16,"up",-1.84060455757837,2.05477509672826e-18,"down"
"NCR3LG1",-2.2210184340981,2.98386501404184e-16,"down",2.12766147038041,4.59114624532668e-17,"up"
"PCDHGB6",-2.38408634859345,3.00708379786789e-16,"down",2.28817843502415,2.78765421241008e-14,"up"
"SAPCD1",3.91609214705632,3.82063691846464e-16,"up",-3.03381155503925,1.22104998905502e-09,"down"
"CH25H",3.01584500963634,5.13453269897169e-16,"up",-2.01443753825668,3.31861231168792e-15,"down"
"FAM229A",1.71436299215495,6.1431702915782e-16,"up",-1.94736288098638,7.59843139842976e-20,"down"
"RTEL1-TNFRSF6B",1.87015492226549,7.21905401477166e-16,"up",-1.80046104169535,7.08002751640823e-16,"down"
"RSPH4A",2.48304144189295,2.17168322386298e-15,"up",-2.48085180345324,4.33690956895411e-13,"down"
"MUC6",3.05676497405278,2.51359832413761e-15,"up",-1.81496589829145,1.27920287127672e-08,"down"
"AKR7L",2.51918535593088,4.7808364665748e-15,"up",-2.53265002000012,5.30576803442184e-17,"down"
"BRICD5",1.8800964114199,3.50411627084213e-14,"up",-1.50669454286663,1.03344542867657e-11,"down"
"ZNF551",-1.53206257836155,5.02562308350483e-14,"down",1.53888246614885,1.74397655697236e-12,"up"
"NME9",2.09402705626529,6.23488147030161e-14,"up",-1.59036882895093,7.94121499638512e-11,"down"
"RPS7P3",4.21076063563056,6.47464400775141e-14,"up",-2.37035552674906,2.08351948263068e-08,"down"
"GPR137B",-1.59239017987813,6.88075994145829e-14,"down",1.55785044689956,1.05514842750032e-14,"up"
"TGM2",-1.51558357266338,9.55542529572918e-14,"down",1.60222667956897,2.43733315819193e-19,"up"
"CTBP1-AS",1.64053887249533,1.40233146906754e-13,"up",-1.52917430838248,5.28298992838614e-14,"down"
"GRIN2C",2.21449413637194,1.51958260178834e-13,"up",-1.81872705806474,5.81255008259326e-12,"down"
"TMEM91",1.92932933000754,2.23447399938656e-13,"up",-1.70624837083436,2.67024567229799e-13,"down"
"GPC2",1.7699534954482,2.24854608327836e-13,"up",-1.56120683968106,1.09510118175953e-12,"down"
"CCDC17",1.72535279895162,2.80091199970832e-13,"up",-1.58272251358182,3.18400612924776e-11,"down"
"RASL10A",2.04075928092932,3.14616222829538e-13,"up",-2.28562112037717,6.83662136141144e-17,"down"
"SUMO4",2.5280747299289,4.45656430139937e-13,"up",-3.06490820290089,2.66709149335741e-20,"down"
"ERVW-1",-3.26597692010835,4.500312994309e-13,"down",3.17630426838803,1.96201905355732e-13,"up"
"ZNF792",-1.57840403577748,9.01753492082829e-13,"down",1.75349636253405,3.38312788863975e-18,"up"
"ALDH1A1",-2.38572504353359,1.14666475016784e-12,"down",1.58827787556843,0.000146436670309411,"up"
"TNIK",-1.704597433479,1.51286055851293e-12,"down",1.66850814239687,2.5322392846025e-13,"up"
"PPP1R9A-AS1",4.73540777330984,3.59186359205807e-12,"up",-3.8154621161937,2.05233448825319e-10,"down"
"EBLN2",1.81239944097512,5.25675462725741e-12,"up",-1.82341213606889,2.87437063305054e-13,"down"
"THTPA",-1.77568371031091,5.33207273345403e-12,"down",1.58608578629977,7.55121351660831e-10,"up"
"ADGRG6",-2.41729509440635,6.16265312805195e-12,"down",1.97613107302364,1.09477433361443e-08,"up"
"LINC00173",4.20493986375116,1.24775310967276e-11,"up",-2.20045831637573,2.01208350366786e-06,"down"
"SCX",2.44340914473555,1.26489009797113e-11,"up",-2.37392153675172,1.85791147135113e-11,"down"
"YES1P1",3.07166522067129,1.56190983679679e-11,"up",-2.81705067768498,4.07979433142246e-11,"down"
"CLEC9A",2.22580274178569,1.60168600280785e-11,"up",-1.78663403321531,1.0493057134982e-10,"down"
"LINC01357",2.6964432103699,2.22930201330252e-11,"up",-1.99645896431587,1.62196465296888e-08,"down"
"SYCP2L",3.85282481800137,4.09844138025351e-11,"up",-2.86003247217292,4.36641272948644e-09,"down"
"KLRK1-AS1",-3.42580044467565,5.81105438628583e-11,"down",2.03887411168269,0.00518773603820554,"up"
"ELF3",3.38527530708885,1.10118877150703e-10,"up",-2.59489231903935,4.01851009896985e-09,"down"
"CADPS2",-4.5753056130796,1.17896951317183e-10,"down",2.66285221801765,0.00864198748284067,"up"
"LIN7B",1.86279214677004,1.22509059092033e-10,"up",-1.89043139033814,9.66568365662358e-11,"down"
"RPSAP47",-1.62289696137137,1.54729852056063e-10,"down",1.55764005295112,2.16326281323691e-14,"up"
"YY1P1",2.35755753113887,2.22367433813934e-10,"up",-2.10749670573738,1.88184886467379e-12,"down"
"ABCA11P",2.21095351666697,2.93638503845142e-10,"up",-1.90174628067634,5.97109759040204e-09,"down"
"FAM238A",2.81922176599898,3.49971767637368e-10,"up",-2.71974306019068,6.81574055212264e-12,"down"
"HSPA7",1.72705643850822,3.65143205123979e-10,"up",-1.59757520550504,2.16348841826707e-13,"down"
"TBC1D3L",1.72412504274733,3.85775645779337e-10,"up",-1.57886424998549,2.21970901554667e-10,"down"
"SNORA33",2.09061424841548,5.36704072644171e-10,"up",-1.99515988078077,2.24487783002535e-09,"down"
"ROCK1P1",2.02848797135242,5.65396232190645e-10,"up",-1.69752674865403,1.35818250932785e-07,"down"
"AKR7A3",2.47151874533172,5.810225161701e-10,"up",-1.9598115891753,7.67307484851907e-09,"down"
"RNU7-181P",5.191479258977,5.84930554741457e-10,"up",-3.44542079591938,2.32195692923406e-09,"down"
"LRIG1",-1.85989681109378,9.31371922607608e-10,"down",1.60411875053889,4.11749818594043e-08,"up"
"MTND4P12",1.51267486174265,1.08118682133557e-09,"up",-1.54811537379154,3.62478688626706e-10,"down"
"RPS15AP10",2.98085124647456,1.15646530102646e-09,"up",-2.51508962935364,4.84625226235468e-10,"down"
"CD2",-6.99368607183309,1.1572533870589e-09,"down",3.9683319114204,0.0167792317358235,"up"
"PCDHGB7",-2.35140645155255,1.17220566605424e-09,"down",2.59382455818924,3.58755525289087e-14,"up"
"CAMK2B",1.97343096467416,1.36230967420304e-09,"up",-1.65180686401756,3.18431257052641e-09,"down"
"CHKB",1.91937997850115,1.5334829493705e-09,"up",-1.72286721797725,9.79428852272494e-08,"down"
"LINC01914",2.17169424255562,1.68277340027369e-09,"up",-2.05121861822736,3.36738505775397e-10,"down"
"TGM5",-1.73318637361318,1.86415047305296e-09,"down",1.54929770113061,1.2803666777272e-07,"up"
"USP43",3.74877459633505,2.86967023129117e-09,"up",-2.24914203374515,1.72563212491182e-06,"down"
"ACER2",-2.90223243223905,2.9171889805208e-09,"down",2.94853273434667,1.45814593587427e-12,"up"
"APBA2",-2.20604047679398,3.1602491557375e-09,"down",1.61170909412576,0.000162262448436925,"up"
"SLC8A1-AS1",1.85743768572249,3.70162717556467e-09,"up",-1.91257322239004,1.25223605495294e-10,"down"
"C1S",3.57925481755932,3.72225504409622e-09,"up",-1.62164084454494,0.000913765880974078,"down"
"ARHGAP10",-2.85051986341972,4.32611615707962e-09,"down",3.2263949621884,2.41511288884044e-13,"up"
"ABCG1",-2.23662544550966,4.58158068655516e-09,"down",1.52290973756959,0.000461917001835962,"up"
"SGPP2",1.81498070320943,5.90955407144069e-09,"up",-1.8379296825712,4.38229123397248e-11,"down"
"RNA5SP498",2.6872220222805,6.18948050946826e-09,"up",-2.19492652029677,2.44819102577383e-09,"down"
"KCNAB3",1.96945827098701,6.50950512516176e-09,"up",-1.67149008037781,3.94625349025569e-07,"down"
"ABLIM3",-3.11367886051407,6.75349919546309e-09,"down",1.86096597241862,0.00970178819778101,"up"
"NCAPGP1",2.91225847475685,8.64774975083863e-09,"up",-2.81493368133226,7.29461908577647e-14,"down"
"SNORD14A",2.45365345567629,8.86913348260948e-09,"up",-2.1777333073402,7.79539021977128e-09,"down"
"LPCAT3",-1.51013792764246,9.26649203617326e-09,"down",1.58907894584506,2.33925991859243e-12,"up"
"MGAT3",-2.09156212226336,9.82658008471403e-09,"down",1.9622320722556,5.57178661090952e-08,"up"
"CELF2-AS1",-2.48696014155399,1.08963501421174e-08,"down",2.49476553847214,2.56062675037492e-09,"up"
"GABRA3",-2.38893514585991,1.09700371118219e-08,"down",1.92937360216101,2.09845208555151e-05,"up"
"RAB23",-1.7002969702173,1.48086884031359e-08,"down",1.56737057692909,2.12313773005877e-06,"up"
"PTOV1-AS2",2.04230505175781,1.5030274515289e-08,"up",-1.90727875921819,1.53236374688931e-13,"down"
"ZNF415P1",3.62008768987516,1.54530411082216e-08,"up",-4.07020935786259,4.16452690314132e-10,"down"
"CFAP126",-1.91834405215084,1.86219875041494e-08,"down",2.16333942226297,1.55220878626707e-12,"up"
"TREML2",-1.94986715500482,1.88400903024188e-08,"down",2.16064686599002,9.46840126245369e-12,"up"
"PLD1",-2.12571406084568,1.91378868781704e-08,"down",2.24353698415365,8.63129350467478e-11,"up"
"EIF4BP6",-2.42028370817693,1.93931132054628e-08,"down",2.42968338985906,2.19571825115636e-09,"up"
"PRR22",2.29800701043248,2.00335674486328e-08,"up",-2.35524329848279,1.26304680306129e-11,"down"
"SPTA1",-1.79091761498467,2.36968361119622e-08,"down",1.77456071085935,5.81790242803515e-08,"up"
"GNMT",2.35788892431771,2.47764634573542e-08,"up",-1.93841480843199,5.06543175456033e-09,"down"
"FAM133DP",2.30611519699229,2.53105515278395e-08,"up",-1.88683083244184,5.53361259931028e-06,"down"
"NPIPA5",1.87289676859694,2.95102934463724e-08,"up",-1.63884727074384,1.03670771474312e-06,"down"
"RNU6-595P",4.10464440123945,2.98470091872764e-08,"up",-3.05370418714744,2.49610532474541e-05,"down"
"RBM17P4",7.82028870015402,3.09640577366005e-08,"up",-4.03236304621051,8.09336167347293e-07,"down"
"EYA2",-5.23000309361143,3.6791968295763e-08,"down",3.569207481664,0.00570533048098497,"up"
"UPF3AP3",2.32917970858862,4.11436385141581e-08,"up",-3.00553678662183,2.01261975930141e-10,"down"
"CRABP2",2.92463220569848,4.72584876887543e-08,"up",-2.40210255329519,3.0565789969394e-07,"down"
"TERF1P7",2.74020644709406,4.83681613173138e-08,"up",-2.15065712540199,9.95308813529489e-06,"down"
"TET2-AS1",3.92569426660317,4.92357854920284e-08,"up",-2.27678548536368,0.000662887106005976,"down"
"SBNO1-AS1",1.77963622057051,6.08565269290512e-08,"up",-1.95744200173042,2.27786693620529e-10,"down"
"MAP4K1",2.01418157347628,7.38418891544938e-08,"up",-2.00594430645154,7.46076808401776e-09,"down"
"OVGP1",1.65894631771976,7.52235298225298e-08,"up",-1.67330906483492,4.66431756844009e-08,"down"
"ABCG2",-2.9325987725722,7.77499350534958e-08,"down",2.17003540596945,0.0006381343358151,"up"
"COX6CP17",4.89325212084761,7.93844389532656e-08,"up",-3.34443608034565,1.82241748659235e-05,"down"
"STIMATE-MUSTN1",1.76074600937616,8.14416504585458e-08,"up",-1.81994213330588,2.28515094570628e-10,"down"
"MUC5B",2.54014662910092,1.22769388131804e-07,"up",-2.32092212946683,6.52895004527224e-08,"down"
"TNFRSF21",-2.71510641431018,1.26427643580232e-07,"down",2.24596721442371,4.77155736076367e-05,"up"
"PEG13",3.18375941032343,1.27490710290238e-07,"up",-2.43839822796414,9.58742927304662e-06,"down"
"DGKI",-2.76965038013036,1.33723300208192e-07,"down",2.03534683389356,0.00106581427358106,"up"
"LINC00900",-1.91918807297631,1.37917646844564e-07,"down",1.70704736752721,3.86649937358626e-06,"up"
"OGN",2.41476615987991,1.3805434151201e-07,"up",-2.11852462172688,7.47163445669507e-07,"down"
"UCP3",1.56142669568541,1.41186869471055e-07,"up",-1.5219404484576,5.68486545005637e-07,"down"
"CPT1B",1.98907450872186,1.4345800220195e-07,"up",-1.71138034888803,2.31064382284976e-06,"down"
"ACVRL1",-1.89043764599233,1.50210407892341e-07,"down",1.99339164040425,5.30554773737382e-10,"up"
"SNORA3B",2.72296305880673,1.62613891482316e-07,"up",-2.9849429801434,6.76169023287953e-09,"down"
"ECM2",2.38745109671304,1.66055094873016e-07,"up",-1.95938043083749,1.20993463991879e-07,"down"
"ALG10",-1.69810827792517,1.89647295327194e-07,"down",1.51254001025796,1.67399010420243e-05,"up"
"C1R",1.91601062953228,1.97488944015319e-07,"up",-2.01221237181098,8.86265413067282e-08,"down"
"RNA5SP383",2.86102337351334,2.19810538562592e-07,"up",-2.16432978623777,1.76758986408479e-06,"down"
"RN7SL600P",4.08188981440318,2.47592714857227e-07,"up",-2.54219417832955,9.79560250370659e-06,"down"
"FLJ42393",3.46176505456742,2.48174705312614e-07,"up",-2.54161315100573,7.07852318685498e-05,"down"
"CCDC188",4.24825934156521,2.60158191378057e-07,"up",-3.11134094657503,1.71215262056683e-06,"down"
"CASC19",7.48617640310098,2.70425183865845e-07,"up",-2.26025243064939,0.00143052408594211,"down"
"ASAP1-IT2",3.2411599587704,3.93749430440065e-07,"up",-3.18918299024098,1.01693945468933e-07,"down"
"INO80D-AS1",1.95734693734968,4.15448038813469e-07,"up",-2.01640670448015,1.38441782426537e-08,"down"
"DEPP1",-1.85189839794072,4.79883119042078e-07,"down",2.08301856381039,5.15075884771915e-11,"up"
"ABCB10P1",-7.29079784594069,5.07478162708705e-07,"down",5.71694789768698,0.0015514396222971,"up"
"TATDN2P2",-1.83581438932758,5.12232346905646e-07,"down",1.51608779029024,2.79091299831565e-05,"up"
"IL11RA",1.87070999445253,5.65102693154986e-07,"up",-1.55046343660395,8.83526187118671e-06,"down"
"RAB5CP1",4.9835287749147,5.79733028364496e-07,"up",-3.21552463242334,1.47592402199666e-06,"down"
"TGM1",1.77851583690821,6.4915365902251e-07,"up",-1.60536055569258,2.50684857543935e-06,"down"
"ICAM3",-1.50443428563091,6.69754842567096e-07,"down",1.51393365819076,8.27379744816549e-21,"up"
"ENOX1-AS1",3.29679760582558,8.88690130934419e-07,"up",-3.29612665512035,6.80790993492698e-07,"down"
"MSH5-SAPCD1",2.37477455234884,1.0071389385994e-06,"up",-2.56528662835667,9.98653247305054e-07,"down"
"WWC1",-2.37002497984895,1.25637086405836e-06,"down",1.66973931672196,0.00319399256380937,"up"
"CLDN1",2.25452568009894,1.28009300561899e-06,"up",-1.52249397206813,0.000374564466413068,"down"
"ARHGEF5",-2.45323762950279,1.32392148874912e-06,"down",1.53188889781245,0.0135438790531717,"up"
"RPL7P18",7.19876425114499,1.33368986725861e-06,"up",-4.38325882572296,5.32962121970344e-05,"down"
"ARL6IP4",2.01515782058079,1.34567262856734e-06,"up",-1.83548695528043,1.8775296924607e-06,"down"
"CSPG4",-1.97693362822725,1.35310343516372e-06,"down",1.75585498078354,4.33646669825359e-05,"up"
"B3GALT2",3.64737272043601,1.42861957030735e-06,"up",-2.13057271414094,0.000542537530746418,"down"
"RN7SL558P",3.09498942149305,1.57711211971641e-06,"up",-3.3355573145503,2.66485444005925e-07,"down"
"ZFPM2-AS1",-7.15642143577957,1.60233095251828e-06,"down",5.32479472092092,0.00683094497382034,"up"
"ADM5",3.1165859780525,1.71961889467202e-06,"up",-1.59391693664061,0.00253745580022462,"down"
"RPL4P7",3.22954602027601,1.78280626414471e-06,"up",-2.6513245712065,4.68011107339824e-06,"down"
"HTR1DP1",4.51416986856624,1.82346868782885e-06,"up",-2.56210171672043,0.000215968030137429,"down"
"HEXD-IT1",2.07723344958045,1.88619005112307e-06,"up",-1.90466993791043,4.58310079250166e-06,"down"
"LRRC8D-DT",2.29985065565127,1.88958475219709e-06,"up",-1.87944544310815,0.000187427788472552,"down"
"TAS2R14",1.55077257822751,1.9936586913689e-06,"up",-1.58578623390444,4.60417413194028e-08,"down"
"PARK7P1",3.38194066439335,1.99444708260077e-06,"up",-1.93626274730195,0.000662204390087522,"down"
"ANKRD44-IT1",1.97219384430007,2.04755861264874e-06,"up",-2.61594411100592,7.10576721238397e-11,"down"
"RPP21",1.73225962038402,2.21893692971705e-06,"up",-1.9236128074924,6.46212950028434e-08,"down"
"UNC5CL",2.11381015167458,2.37649451650656e-06,"up",-1.58874706906332,0.000117551429202907,"down"
"TMPPE",-1.67746224413442,2.44320925844214e-06,"down",1.65870061488023,1.54450427309051e-06,"up"
"SRGAP3-AS3",4.02062558422864,2.46811053391006e-06,"up",-3.80767232554323,1.16741224078834e-06,"down"
"PHBP19",3.65017129863321,2.66990665297194e-06,"up",-2.58035933149692,0.00013888954333975,"down"
"OXER1",2.12096638994841,2.89372346683834e-06,"up",-1.8439190162114,0.00014460788428119,"down"
"FAM151B-DT",2.38674830029964,3.01226663902993e-06,"up",-1.70344487102692,2.10453332973764e-05,"down"
"MUSK",2.84814651156182,3.26723198563153e-06,"up",-2.69951236048682,3.28902794503586e-06,"down"
"TMPRSS9",1.90977402957897,3.70786756458852e-06,"up",-1.78285963997205,1.36850337226419e-06,"down"
"DNAI7",7.11192141999155,4.00638706487221e-06,"up",-1.76861132545241,0.0424927577035589,"down"
"RNU6-611P",2.75189437979416,4.2752618303252e-06,"up",-2.13497193189867,4.98688089231727e-05,"down"
"LINC01814",-2.08670339304569,4.28793493979418e-06,"down",1.934383243589,1.68427898403261e-05,"up"
"MST1P2",1.62231389735267,4.34544488952457e-06,"up",-1.91017345376869,7.71705874679306e-07,"down"
"MARK2P8",2.48263844965807,4.63663143380534e-06,"up",-2.52975400786019,5.28354421749358e-05,"down"
"CD109",-4.67443732233759,4.64477922423116e-06,"down",4.60977504090427,2.70901618699449e-06,"up"
"LAMB3",-2.29252690942917,4.99768188711059e-06,"down",2.23899731335124,2.53091702804613e-06,"up"
"APRG1",2.03404869683373,5.10990871324494e-06,"up",-1.72428514197487,8.540374116048e-06,"down"
"RNU6ATAC39P",6.99131996800778,5.58991998472918e-06,"up",-7.37551602581512,1.10718153366773e-06,"down"
"ALB",7.06634613578578,5.68769632315091e-06,"up",-3.59299398155105,0.000741285121359485,"down"
"GCAWKR",2.99761271624768,5.82631034624176e-06,"up",-2.32520118983803,0.000194656391890867,"down"
"RNU4-47P",3.00313867775457,6.22772569292143e-06,"up",-2.38411136846118,3.95466591239746e-05,"down"
"EIF4HP1",-2.42220660734683,6.98221968748048e-06,"down",2.45406012472699,8.0724809022639e-07,"up"
"LGI2",-2.67646411524221,8.39141466338479e-06,"down",1.87368698969465,0.0131712852766545,"up"
"SLC44A3-AS1",2.61743374086267,1.09844573581061e-05,"up",-2.09519442352197,0.000128221929835903,"down"
"ODAD2P1",-2.56896067719261,1.13923638900315e-05,"down",1.95919701939706,0.00301091476393584,"up"
"PIGCP1",-1.64583405611569,1.24700217902893e-05,"down",1.77188155047702,7.02097666412995e-07,"up"
"YY2",2.07880701956322,1.29220059411859e-05,"up",-1.65251076803165,3.17210989122146e-06,"down"
"C1orf21",-3.19759135830211,1.34250513208189e-05,"down",2.69206538601277,0.000824384622486653,"up"
"ANKLE1",2.01833864665023,1.44184815428152e-05,"up",-1.82059207000412,0.000293255262453998,"down"
"GOT2P6",6.77534508544068,1.45304189874882e-05,"up",-3.70145139498756,0.000631450393633817,"down"
"ASIC3",2.10104285404569,1.47623784631318e-05,"up",-2.10292015729945,7.03494827048951e-06,"down"
"CSNK2A3",-2.0473274924804,1.64335387615499e-05,"down",2.20111537288552,3.01017569638637e-07,"up"
"KHK",-2.00346200046451,1.75582210446897e-05,"down",1.50092959153811,0.00245241607627497,"up"
"HNRNPA1P49",-2.29863844165107,1.83756516540051e-05,"down",2.13373295237419,2.53679001048828e-05,"up"
"MTMR8",-2.02313843521466,1.89690626036242e-05,"down",2.26203208231171,5.25332796228412e-08,"up"
"MATN1-AS1",3.23547615940756,2.17685487705348e-05,"up",-1.73329753232322,0.00381947143402797,"down"
"MYORG",-1.93989420148252,2.18632722727924e-05,"down",1.82736479773097,6.04577046349407e-05,"up"
"MEIS3P1",-3.3955056503477,2.24431640985892e-05,"down",3.32832595720264,2.48474354513907e-05,"up"
"ATP6V0CP1",5.61238407288813,2.31123664126896e-05,"up",-1.83619683837749,0.0207287395913964,"down"
"MRPL37P1",3.85522341467137,2.43205144835497e-05,"up",-2.67888750705282,0.000255442380753522,"down"
"RNU2-68P",4.91802449780727,2.46609091644134e-05,"up",-3.47508271062886,0.000118393744611399,"down"
"SNORD15B",3.24198067214328,2.52874910991219e-05,"up",-1.77382343502108,0.0182193869909776,"down"
"NSA2P6",6.71781905132868,2.56195360137239e-05,"up",-3.644308297388,0.0016337577118656,"down"
"CDK11A",1.5308713326766,2.75285632525774e-05,"up",-1.81762048633949,1.13779434784737e-08,"down"
"CYP2E1",6.72066022901277,3.16112160632582e-05,"up",-2.18957240220433,0.034677816189135,"down"
"C1orf146",5.63426565666138,3.16644492038113e-05,"up",-3.83040803556173,4.51227715418329e-05,"down"
"MST1L",2.45313867126076,3.37970334338536e-05,"up",-1.60541725482623,0.00147103143153155,"down"
"TBC1D22A-AS1",1.90393382720395,3.4539458899739e-05,"up",-1.7100948586707,7.90088672000385e-05,"down"
"GPRASP2",-1.69410211886291,3.52296169762255e-05,"down",1.92356555534274,5.17302799386777e-07,"up"
"RNY1P16",4.8617185050688,3.54657561007749e-05,"up",-2.09240505532215,0.017160048069607,"down"
"EGFL8",3.36281628877129,3.56906150873897e-05,"up",-2.57019362509034,0.000185291362307907,"down"
"BIRC6-AS2",3.09688376146138,3.6595459319236e-05,"up",-1.74470259265009,0.0231583323606241,"down"
"DIRAS1",-2.78521084983834,4.69747773900982e-05,"down",2.2847612168259,0.00234820061377431,"up"
"MIOS-DT",2.4714241919002,4.70598329977105e-05,"up",-1.6723232173188,0.0036633888920046,"down"
"ZBED6",-3.65308662439422,5.56334040172279e-05,"down",3.48573709888585,0.000224258528413724,"up"
"EPHB4",3.12434917783635,5.63608711640303e-05,"up",-1.63663533840341,0.00493681458502624,"down"
"SNORD99",1.74401412165801,5.65491368821855e-05,"up",-1.57677162336731,9.89695401027993e-05,"down"
"CRB2",3.11897623187289,5.7832265376265e-05,"up",-3.61614262802778,3.44202578912283e-05,"down"
"RNU4-62P",2.71631020471308,5.83100423056507e-05,"up",-2.62307476916182,1.90930101517018e-05,"down"
"RNF14P1",4.60509437608403,5.90012691384178e-05,"up",-4.64187696465954,5.81952286596826e-06,"down"
"STX16-NPEPL1",1.6844016717232,5.94717820269646e-05,"up",-1.5044856312827,1.97207078859961e-05,"down"
"GPR39",-2.06974438263863,6.06671938843726e-05,"down",2.16676508372371,8.5808367489415e-06,"up"
"PPIAP72",3.96456674522695,6.23353705800701e-05,"up",-2.73236134492777,0.000351823187894009,"down"
"TIMM9P2",3.29992094193813,6.43460345137539e-05,"up",-2.16797204448011,0.0012987607993122,"down"
"PABPC1P1",4.13273085953127,6.70431562181528e-05,"up",-2.51146481005081,0.000760103087222999,"down"
"CRACD",-4.28317200941236,6.71455762601653e-05,"down",4.42005201734269,2.89266913971269e-05,"up"
"TMEM86B",2.07051297904835,6.72803624399695e-05,"up",-2.33215449804614,1.42702000609433e-08,"down"
"NPM1P52",6.57516747424999,6.88790372656866e-05,"up",-3.51572612419058,0.00187909786463681,"down"
"CHRNE",6.60581723677314,6.89286833050836e-05,"up",-2.98559963203396,0.00787084047879025,"down"
"GOLGA6L5P",1.51407137307272,7.75085271692232e-05,"up",-1.51007499179544,1.80844544891956e-05,"down"
"PPP1R32",2.22613171420773,7.81632346219367e-05,"up",-1.86378232781453,0.000325387150927173,"down"
"ATP6V0C",1.91267996744579,7.95247867254932e-05,"up",-1.68642176292043,0.000206789548349206,"down"
"LINC00654",-3.000362633146,8.14434016425211e-05,"down",3.10634388488388,4.37133132198421e-06,"up"
"CMBL",-2.02426645047472,8.20463487792382e-05,"down",1.81462118716784,7.96695983919373e-05,"up"
"CCDC149",-3.15563890965543,8.45384628398694e-05,"down",2.15390318672645,0.0292006556088033,"up"
"IFITM3P5",5.33797301214693,9.26011879336195e-05,"up",-2.56183776954902,0.00307180266826704,"down"
"RNU6-549P",6.45080772472958,9.49481316704021e-05,"up",-3.37761434556428,0.00988894366249203,"down"
"COX5BP6",3.70439328832786,9.72515614476594e-05,"up",-2.37058801956232,0.00114855095181177,"down"
"RABGAP1L-AS1",4.06637891324443,9.99071035577874e-05,"up",-4.18553136541337,3.37134760521614e-05,"down"
"CCRL2",-1.79325477104474,0.000101489914798661,"down",1.98318455009634,1.40676908501371e-06,"up"
"FRMPD2B",1.59756323965626,0.000101621231925658,"up",-1.70494849433824,0.000150739680520347,"down"
"SCNN1D",1.9559272506474,0.000101910362912266,"up",-1.54645262793479,0.000104620816504034,"down"
"OPRL1",-2.17851759928975,0.000108718804525015,"down",2.26708836351147,6.36298245929185e-06,"up"
"RHBDF1",6.42825074025783,0.000109139581630794,"up",-2.64883611070605,0.0218669455324429,"down"
"RPL11P3",1.93871332004428,0.000116096258211403,"up",-1.54936963783867,0.000277888587243848,"down"
"FOXN3-AS2",2.40387625589201,0.000116449707112227,"up",-1.726473413723,0.00216750551278043,"down"
"FCF1P7",2.86482363223433,0.000120418436290197,"up",-3.01665564868426,3.32483033037435e-08,"down"
"MED15P9",2.19330794772227,0.000132508314986936,"up",-1.71903639702787,0.000707675853163026,"down"
"CSRP2",2.95403449967925,0.000133811414443592,"up",-3.25722398550967,1.99828704678679e-05,"down"
"FAM209B",2.083154303796,0.000136516718949531,"up",-2.20917613999123,6.13493368947541e-06,"down"
"MEP1A",-2.47166207375852,0.000150418754359171,"down",2.48009276387665,0.000112604126813847,"up"
"CYP51A1P2",-6.24821967883428,0.000162098006154651,"down",6.27382973642651,0.000120046558848285,"up"
"AKT3-IT1",6.40638495725131,0.000175528345736276,"up",-3.16098920551763,0.0142077078602344,"down"
"LRRC4B",1.74081530199962,0.00018194820487047,"up",-1.67106572439673,0.000133222074993599,"down"
"NPIPB6",6.3266770499595,0.000182484470757518,"up",-3.86480665217324,0.00282181064490215,"down"
"CACNA1A",5.83663793486902,0.000184426554938892,"up",-1.78571417616696,0.0449810986771996,"down"
"ZNF460",-1.63451967184076,0.000185532456265519,"down",1.83410816998132,4.07924029573475e-06,"up"
"HSP90AB4P",4.35128981797989,0.000191994973563983,"up",-2.25214557900226,0.00446488177742345,"down"
"RPL21P44",3.32151243369913,0.000193206694227818,"up",-2.42029275053687,0.00681777635552384,"down"
"BACH1-IT1",2.68446407078104,0.000199680249494049,"up",-1.76240482122012,0.0194730658855175,"down"
"TAS2R3",-6.24996254120521,0.000208622347170038,"down",6.01439594044496,0.000429201028462296,"up"
"MAGEA4",-3.15985641333045,0.000222194130824425,"down",2.18485632206672,0.0440450079939681,"up"
"NANOGP5",3.75513395129585,0.000226297500951518,"up",-3.91430157067364,4.43230712116686e-05,"down"
"H1-3",4.30546048542848,0.000235179987480614,"up",-2.90938007931593,0.00418611766834649,"down"
"GTF2IRD2P1",2.36386715597904,0.000236234135141175,"up",-1.54693972756955,0.00495358858411657,"down"
"RUNDC3B",2.53998166893675,0.00024786086187582,"up",-2.29354335136867,0.000288553574065244,"down"
"GAPDHP43",2.24935414034667,0.000260156076774106,"up",-2.69044552821611,4.4129296045641e-07,"down"
"KRTAP5-9",2.76340679081435,0.000268319843246325,"up",-2.39036592514553,0.000839364206953713,"down"
"SDC3",-3.39180557915549,0.000297147168865882,"down",2.82161163968384,0.0117505660621126,"up"
"SCARNA7",2.17066494795362,0.000301391211103198,"up",-1.92727413463241,0.000281942481084581,"down"
"NSRP1P1",3.10408441913308,0.000305580069219449,"up",-3.88885420118152,3.22326653545925e-06,"down"
"GNG8",2.29313172039863,0.000314406140501567,"up",-1.91423962364404,0.00193814695539485,"down"
"RPEP4",2.42205349476532,0.000321231559830188,"up",-2.57706020542316,0.000129613177894206,"down"
"RN7SL233P",6.20421484244447,0.000321882985184965,"up",-4.12526867827703,0.00478520603135911,"down"
"UBQLN4P1",-3.48721424174103,0.000324322091075013,"down",2.74946069546601,0.00863532561039835,"up"
"DISC1-IT1",3.49469260389433,0.000327146645193667,"up",-3.7243228424428,0.000111846385752479,"down"
"RNU7-40P",3.81037423219171,0.000333634074621341,"up",-1.93987510516192,0.0183462293831151,"down"
"ANKRD33B",-1.91942124747185,0.000339766480098909,"down",2.96380412653469,2.5264156267917e-13,"up"
"MIR581",6.18150145652361,0.000341503075853314,"up",-6.56611669090445,9.68939716687436e-05,"down"
"PRKCA-AS1",2.44166366622499,0.000362780630440119,"up",-2.43278058928123,0.000186218373715099,"down"
"PPIAP2",4.52655947095018,0.000368772988943378,"up",-3.06917287321995,0.00155891184654957,"down"
"PCDHB8",-4.03187475003451,0.000371453424781809,"down",3.47857167104961,0.00509858909607472,"up"
"ZBTB12BP",1.83130917299478,0.000371522510655363,"up",-1.73671337062398,0.000937230997361817,"down"
"DIPK1B",1.59069744992562,0.000389648616303689,"up",-1.65548824392794,0.000164971774327444,"down"
"UTS2R",6.32593415121872,0.000437965681264697,"up",-3.89311063505144,0.0102103145439926,"down"
"OR13A1",3.66099656920093,0.000453051088827031,"up",-2.85702662972175,0.000896161564436881,"down"
"HMGB1P24",4.47983239554144,0.00052765661191946,"up",-2.38868780385586,0.00585607900760553,"down"
"RBFOX3",2.20854152571189,0.000561898631165927,"up",-2.72624209939795,1.98794572311414e-05,"down"
"GRIN3B",2.28336047891137,0.000572154279014884,"up",-2.22203607407851,0.000295152375748365,"down"
"PPIAP51",3.75444240767882,0.000573641696589214,"up",-2.87187495640029,0.00172838238719886,"down"
"MTCYBP18",2.74726286770986,0.000583858324523065,"up",-1.92101343959356,0.00652199158602304,"down"
"DCTN6-DT",2.60575905032027,0.000585774628417196,"up",-2.17831140398055,0.00152206390653977,"down"
"SYNE3",-1.53742307019054,0.000588174934754859,"down",1.50518249671338,0.000335978901532929,"up"
"RNU6ATAC18P",2.13816869125957,0.000605877453576649,"up",-1.61988204287817,0.00387893889356866,"down"
"NR3C2",-2.62153876649495,0.000616801111978542,"down",2.64647724012389,0.000350352399115291,"up"
"KLHL29",1.73897369364057,0.00061861538320348,"up",-1.70469642975426,0.0019259390921477,"down"
"RPS14P4",4.96189756961602,0.000628522996993616,"up",-6.25987656189944,5.22425633998373e-05,"down"
"LDLRAD4-AS1",2.59092647913896,0.000635301930952512,"up",-3.21915875539349,2.56508399234176e-06,"down"
"DNAJB13",1.71397813454444,0.000640015443193496,"up",-1.56149202663046,0.00146285585478235,"down"
"ARL2BP",-2.45902124286682,0.000643659072292553,"down",2.52617336252195,0.000280403433686949,"up"
"FAM166B",2.37084650777226,0.000646592733214106,"up",-1.50886033987227,0.0144516839270164,"down"
"MTCO3P11",2.70674169744525,0.0006503355230057,"up",-2.57839068030855,0.00272760429313202,"down"
"TLCD5",-2.84399261195804,0.000654917256891928,"down",3.03090040640011,4.63804919337552e-05,"up"
"THSD1",1.90675891566171,0.00066306262717764,"up",-2.23300943801458,8.94388212377012e-05,"down"
"TMEM273",-1.75901973916232,0.000683358199543075,"down",1.93080999221813,3.03228804994694e-05,"up"
"FSCN2",3.99855554639486,0.000685626095902799,"up",-6.27401720579473,4.1576689959485e-05,"down"
"SCO2",1.66575271545794,0.000713109153541298,"up",-1.92001729875634,0.000199003483475796,"down"
"SNORD100",1.93913461364917,0.000713332481198024,"up",-1.85958688386825,0.000220725549196777,"down"
"SMARCA5-AS1",-2.77731035523761,0.000714549942007947,"down",2.72309146995909,0.000902099795843679,"up"
"DIRAS3",6.08093553262284,0.000749289824229108,"up",-3.6483193440774,0.0160659322450061,"down"
"DAGLA",-1.77900820256549,0.000782533068372309,"down",1.66762032137851,0.00178624620684649,"up"
"RBBP4P2",-5.42793538509435,0.000843317593977251,"down",5.56638509791766,0.000814095590421153,"up"
"ANKRD19P",2.56530800947643,0.000865870353273753,"up",-2.04054448703961,0.00620717251703862,"down"
"MAMDC2",-5.98919201569056,0.00093162292782839,"down",4.97454841874743,0.0214121514100328,"up"
"SMARCE1P6",3.10344036402402,0.00104690591920158,"up",-1.85612533999679,0.0263061077942073,"down"
"SNORD104",1.65705062466242,0.00105806814825039,"up",-2.12235553160425,1.92093086724963e-05,"down"
"CAP1P1",-1.60793259835252,0.00105921687647018,"down",1.81170946337313,2.89525463925248e-05,"up"
"MRPL53P1",2.62681982477744,0.00107913141893992,"up",-3.34756356773717,3.15477831924638e-05,"down"
"FBXW12",5.9935418316198,0.0010910676742111,"up",-3.50223456554314,0.0155236848050316,"down"
"CACNA1F",2.20278666678052,0.00109560925262005,"up",-1.6951350452401,0.0129945344501687,"down"
"HDAC4-AS1",2.11328924908235,0.00110591485764585,"up",-1.83502108430704,0.00373875885826444,"down"
"MSTN",2.26174111893277,0.00110949572233291,"up",-3.90590773589696,3.33134318840462e-06,"down"
"ZNRF2P1",-2.06670914943607,0.00114802183847432,"down",2.08351093029938,0.000904179213113591,"up"
"EIF2S2P3",1.50130177042755,0.00119179982388011,"up",-1.59490444781826,0.000134074364092742,"down"
"NUTF2P6",3.25083901831396,0.00119742224442532,"up",-3.47816307430428,0.000612369271629716,"down"
"LINC02289",5.94870077466168,0.00123525848676145,"up",-6.33359622070194,0.000414059561752355,"down"
"KLF2",4.10430669585615,0.00124801845399941,"up",-2.18905234326602,0.0166545525370572,"down"
"CMTM2",2.36060810798004,0.00125840104441797,"up",-2.79136017576101,0.000275392935360432,"down"
"LINC00499",-2.11890248400567,0.00127952992822509,"down",2.0931934635485,0.00104198975580026,"up"
"C11orf94",3.43716619134908,0.00133677346119657,"up",-1.94465095941465,0.0245867744739498,"down"
"ACAP2-IT1",-1.56195739807832,0.00140600218299437,"down",1.84736398460112,0.000104104076205892,"up"
"RNU6-824P",4.28331391293124,0.0014186373092263,"up",-7.09052012263431,8.30309817694947e-06,"down"
"RPSAP36",3.44307880281495,0.00147728502089383,"up",-3.0937151760148,0.00279880985783037,"down"
"RN7SL285P",4.79389765956333,0.00152417468059193,"up",-3.1486655373187,0.00341449413130378,"down"
"DM1-AS",4.76292464617443,0.00155766683418714,"up",-3.13477330288999,0.00435117150308146,"down"
"FBXL21P",2.53767339327426,0.00156736552578831,"up",-1.80004860005016,0.00547491862172713,"down"
"PTPN20",2.23877872182847,0.00157253165507003,"up",-2.745243589542,8.4595093736052e-05,"down"
"MFSD14A",-1.7979642066639,0.00157914611144233,"down",1.9728791269229,9.42366070317678e-05,"up"
"CABP4",1.53326242862112,0.00164198689393149,"up",-1.65082426808126,2.60694483583864e-06,"down"
"LINC00115",1.57452041878055,0.00164198689393149,"up",-1.54948315065002,0.000735367760082682,"down"
"ATP6V1C2",1.54986987031627,0.00164253919821414,"up",-1.70529576230375,0.000176456336355373,"down"
"MADCAM1",2.63819493351455,0.0016675197752664,"up",-1.92489075396453,0.00975574691421018,"down"
"RPA4",3.43894934234649,0.00169305660789871,"up",-3.22001232194023,0.00209099657625663,"down"
"COL11A2",1.68110036260142,0.00176747519059296,"up",-1.64427265997799,3.15726608357778e-05,"down"
"RNU6-10P",5.89674204789279,0.00179948643443328,"up",-4.45331728511198,0.0109890574781151,"down"
"B3GALNT1P1",3.48119814574718,0.00180094959787447,"up",-2.51961233547389,0.00913282925109997,"down"
"HINT2",2.6735004405846,0.00187153615805298,"up",-1.67944047306846,0.0171066341352305,"down"
"ARMH4",-5.70141336044898,0.00193679117234192,"down",5.09579630992165,0.0174073760578041,"up"
"OR2T8",2.55974778030857,0.0019574357762216,"up",-2.30247559592759,0.00153565034738927,"down"
"C1GALT1P1",2.29071793097389,0.00204769292778053,"up",-2.25667655095178,0.0035333955966457,"down"
"GLRX5P3",3.52615429619225,0.00213683834301676,"up",-3.70953721183663,0.000767791428635035,"down"
"GAS1",-1.5223920118498,0.00219189781748207,"down",1.76474691002182,6.10933173230098e-05,"up"
"LONRF3",-3.26758459749556,0.00221175946557959,"down",2.74938039207627,0.00630246224405227,"up"
"OCIAD1-AS1",2.71627644441298,0.00225675196862774,"up",-1.52839294006379,0.0494132473082302,"down"
"LYNX1",-1.72668152818061,0.00228542410125932,"down",1.59716484452181,0.0060766787000229,"up"
"PKD2L2",2.02762633516112,0.00228901405315969,"up",-1.64415977119337,0.00786647623548445,"down"
"C1QTNF12",1.77990886769507,0.00236401439282333,"up",-2.22036315433076,0.000271484259563201,"down"
"IPO4",2.9228322482088,0.00238279269148749,"up",-2.89641664443529,0.00291642705168135,"down"
"LBX2-AS1",-2.35975381100473,0.00241957594097766,"down",2.02853763184278,0.0167871951805624,"up"
"EIF5AP3",5.84233129293223,0.00248423852571595,"up",-4.34932535105265,0.014848461636839,"down"
"RNU6-238P",4.62873928925637,0.00252216189257405,"up",-5.9151979860642,0.000242095873039989,"down"
"PRAP1",3.87636648780123,0.00252375746685736,"up",-2.43029485919812,0.0107105608731348,"down"
"RNU4-51P",5.72014492190484,0.00257302724469744,"up",-3.63763894391805,0.0276930661969337,"down"
"LAT",1.63587084426947,0.00265105266297303,"up",-1.61374184291547,0.00164779621101027,"down"
"RN7SKP80",2.53390696534311,0.00265105266297303,"up",-1.57932057257658,0.0399169419162317,"down"
"MT-TF",3.5768089824541,0.00271643014531657,"up",-3.94551375454907,0.000664866408366885,"down"
"FBXW11P1",5.7635632276532,0.00285365075504747,"up",-6.14796915945618,0.00108035807435409,"down"
"LINC01375",2.50348120364918,0.002856847343934,"up",-2.96499642146308,7.58538241941453e-05,"down"
"CCDC175",2.24853320137932,0.00286126561610379,"up",-1.55374116927525,0.0207998828763045,"down"
"AOC2",1.87360222585274,0.00287483159240111,"up",-1.76063873372581,0.00242701519827253,"down"
"H3P33",5.67030206532448,0.00306273872977843,"up",-6.05471764819998,0.00113954490002005,"down"
"CFAP69",5.79293266521417,0.00308636539628586,"up",-4.35157259988746,0.0167792317358235,"down"
"RN7SL32P",3.24802748131628,0.00311059766056423,"up",-1.81938767032522,0.0347676755122334,"down"
"PRDM5",-2.24103772776679,0.00312950108934249,"down",1.77153636925738,0.0214531883926429,"up"
"RNU6-88P",1.74826236636613,0.00317976215173331,"up",-1.74908572218435,0.00255317312588084,"down"
"POU5F1B",4.54953168735649,0.00323417530326131,"up",-3.65944544332164,0.00323848034301362,"down"
"RIMKLBP2",-1.80832930398037,0.00331358873306103,"down",1.76740961705429,0.00318075358221739,"up"
"HMGN2P20",3.49214964338833,0.00345497777148103,"up",-3.8924335982556,0.000602390647845778,"down"
"SNORD69",2.47765835713649,0.0034685187060395,"up",-2.42970011148428,0.00182974771090789,"down"
"EXTL3-AS1",3.48247991329912,0.00352558450450307,"up",-1.90397309727206,0.0411658634561277,"down"
"PYY2",2.57385577101813,0.00353106415377354,"up",-2.8633914715065,0.000189292169939128,"down"
"FAM183BP",2.52516979682159,0.00353239417058479,"up",-3.67969066768901,6.30326050251874e-05,"down"
"NEXMIF",-3.13741753876016,0.00356261902880673,"down",3.82552074514135,0.000160620682541965,"up"
"ZNF503-AS2",-1.84732274926387,0.00366559955032874,"down",1.54738572193554,0.0140899637704307,"up"
"CFAP58-DT",2.50994571126289,0.00372809080629183,"up",-1.89250667483775,0.0166893849188573,"down"
"OR7E91P",3.95995403761354,0.00385886423419386,"up",-2.61816345713255,0.0224370603541154,"down"
"AGAP7P",1.70897620998568,0.00395495082349531,"up",-1.99230320991631,0.000268262847225044,"down"
"NTN5",2.5084213814336,0.0040106048041681,"up",-2.18614472336788,0.00634570334143203,"down"
"TYRO3",2.77023891065149,0.00411416092745322,"up",-2.20677942272076,0.0181125986414843,"down"
"ANGPT2",1.65337722904932,0.00425668573784408,"up",-1.65616507168785,0.00235413923582164,"down"
"NHP2P1",2.79073686000638,0.00441651786347399,"up",-2.03933134974592,0.0129945344501687,"down"
"ZNF564",2.3191546142772,0.00443893004183979,"up",-2.36402938927501,0.000803217783973554,"down"
"EHMT2-AS1",2.18710731848923,0.00447309278026438,"up",-2.15821672627449,0.00155692426589968,"down"
"RNA5SP296",1.96861071640928,0.00448197263285515,"up",-2.02051601789135,0.00123425444740922,"down"
"HSPD1P11",-2.40826997259423,0.00448896813096508,"down",2.30081404668559,0.00486150312238684,"up"
"NANOGNBP3",4.48749679053263,0.00448896813096508,"up",-2.57673059106123,0.0179717990576989,"down"
"PTGES3L",2.28740809230652,0.00449657392848783,"up",-2.04532188215748,0.0053270151033208,"down"
"SRXN1",-2.52265307384644,0.00450040042201123,"down",2.02317889761342,0.0461052690900537,"up"
"FOXP1-AS1",4.45073056382265,0.00457686568784809,"up",-3.26838412708467,0.00978098517531623,"down"
"CDC42P6",-1.84937613958106,0.0048472487305501,"down",2.09315985679707,0.000397768687288383,"up"
"TCAF1P1",-1.72139995307766,0.00487408319190831,"down",1.93338630150165,0.000330452783977332,"up"
"UBE3AP2",2.95713645756133,0.0048783696993536,"up",-5.34313519986002,0.000168176745798851,"down"
"MCCC1-AS1",1.55097223748824,0.00488765484372183,"up",-1.63138846672664,0.00123916970877337,"down"
"COL4A4",2.12818423699772,0.0049567205375367,"up",-1.50523468235535,0.0211390561021564,"down"
"ANK2-AS1",3.72110770405216,0.00499251691231393,"up",-2.1240731264833,0.0366236592520981,"down"
"POLR2KP1",3.74620127455029,0.00511663025853645,"up",-2.50074294448664,0.0107142669603521,"down"
"ZNF658B",-1.82678509876134,0.0051500887649461,"down",1.6080931748348,0.029588000099788,"up"
"MFAP1P1",5.59168825197355,0.00520420682044884,"up",-5.01448557984065,0.00939062834870153,"down"
"LYPLA1P3",-4.32624808600278,0.0052988446255666,"down",4.56151461958949,0.00176484031838738,"up"
"CCDC196",2.26727218415336,0.00533321645598688,"up",-1.64122223544139,0.0293526401143431,"down"
"PLCXD3",-5.43831034496794,0.00543334721654211,"down",5.25474616857147,0.00934835322084997,"up"
"KIF7",1.80213766111498,0.00554191098187021,"up",-1.63960537913445,0.00231216706118148,"down"
"ANKRD20A7P",2.03993922550059,0.00564934875458527,"up",-1.83421283380423,0.0139028947820139,"down"
"PFKP-DT",5.57302077746542,0.00595896436841316,"up",-3.53288579331053,0.0381126665690018,"down"
"ZNF610",4.38404985384368,0.0061637299810714,"up",-3.21065641141798,0.0106030159329189,"down"
"BNIP3P40",2.77635401045282,0.00634722412854337,"up",-1.86082835518131,0.0294172478830283,"down"
"TIMM9P1",5.51890196438653,0.00639737815570516,"up",-5.90365058037106,0.00265073690497407,"down"
"GAPDHP60",3.22889299544947,0.00648288339262875,"up",-3.75686533556259,0.000289988086562834,"down"
"RN7SKP23",1.83751504847376,0.00650650205545642,"up",-1.61888375539343,0.00729098559429254,"down"
"RPSAP16",4.9868289277581,0.00666785192348787,"up",-3.12785315844774,0.0321964668510046,"down"
"MTND6P4",2.01771815417731,0.00670978583130019,"up",-2.28128931962783,0.0012222940075016,"down"
"RPL12P21",5.510556592477,0.00686256972947904,"up",-4.01547758482384,0.0332783233687989,"down"
"DPPA2P1",3.10117567361295,0.00686317457421792,"up",-1.98807733656967,0.0471009554970044,"down"
"IHO1",1.72044272373761,0.00699317076538796,"up",-1.63637603292813,0.00542336060085207,"down"
"RNU6-50P",3.58469467493937,0.00706816764270912,"up",-3.36185768559486,0.0156395765285647,"down"
"LIX1L-AS1",1.55766338027087,0.00718478663056508,"up",-1.56913635241334,0.00526896596959631,"down"
"KCNJ6-AS1",-1.91137221795515,0.00721326552747689,"down",2.15162380755007,0.00121656001132177,"up"
"VARS2",1.87659611625964,0.00721386193786013,"up",-1.69348154954406,0.00653660282357895,"down"
"FAM133CP",3.35350948600559,0.00731203511421044,"up",-2.81819734258817,0.0107562333646827,"down"
"CYCSP2",5.5292413839967,0.00744385937255013,"up",-5.91317627394002,0.00321998709766752,"down"
"BTBD9-AS1",3.62075578289155,0.00746702084833362,"up",-2.98311586085435,0.0220790073089062,"down"
"MIR210HG",1.77877116936292,0.00747604229353912,"up",-2.20358588160343,0.000830050037642108,"down"
"LINC00513",2.45834498773431,0.00749479303454679,"up",-2.29319839405561,0.00673832582392021,"down"
"CYP2D8P",1.65386245574824,0.00780076012951589,"up",-1.8479557960447,0.00224940038309655,"down"
"PTGES3P3",-5.34124036515744,0.00784409346391314,"down",5.8308690712244,0.000861045559360318,"up"
"RN7SL220P",3.3378361346471,0.00790139400691198,"up",-3.79859826438902,0.00393508919071279,"down"
"TBC1D3",3.920217012847,0.00793315809558995,"up",-5.778467681733,0.000714718716539311,"down"
"RNA5SP425",5.44064305226967,0.00804253523258291,"up",-5.82481975261611,0.00343869096046342,"down"
"RSPO4",5.48745142043262,0.00804253523258291,"up",-5.87162937618687,0.00347751841849258,"down"
"LINC01645",-5.32595120247537,0.00812553274623584,"down",4.77192760368438,0.0359845671763407,"up"
"CLIP4",-1.85974287174413,0.00834972354344889,"down",1.68971375695599,0.0108807900482665,"up"
"HIGD1AP16",3.40878709621517,0.0083603461099286,"up",-6.31614970166736,6.91664126243083e-05,"down"
"FAM81B",5.05537502507853,0.00864156547154066,"up",-4.52337043444163,0.0118262496892644,"down"
"RNU6-415P",2.12325608020888,0.00912362139253326,"up",-1.99253413621857,0.00831444385280592,"down"
"RPL9P30",5.44163299148015,0.00929471178617975,"up",-5.82563189876417,0.00407861834133485,"down"
"RNU6-936P",5.42730720028182,0.00956215457749652,"up",-5.81181656048972,0.0042001532385587,"down"
"ESAM",2.90031513647019,0.00956665077267927,"up",-2.06184364631771,0.0396246997400805,"down"
"HULC",2.14493390954758,0.00956665077267927,"up",-1.96245105716632,0.0122018841982557,"down"
"SNRPFP2",5.38963626472348,0.00992248653206568,"up",-5.77430064390149,0.00434648778069254,"down"
"MCF2",2.95502427000663,0.0101788224972336,"up",-2.34166487633054,0.0225871700177117,"down"
"TMEM44-AS2",2.06725053160002,0.0101796760408672,"up",-1.54719468509324,0.034229652813022,"down"
"SNORA31",2.5147332614208,0.0102374405688771,"up",-2.50664763173951,0.00726001100586204,"down"
"MIR548AY",5.44985491869707,0.0102535346280734,"up",-3.95414552564799,0.0451314718221313,"down"
"C18orf15",3.2703612803946,0.0103670065592387,"up",-2.50398095294512,0.0184345390429757,"down"
"NPIPP1",1.68446901450566,0.0105217548028104,"up",-1.65527644385869,0.0119295272420347,"down"
"MIR5190",3.05033032456528,0.0106980759680094,"up",-3.09307619339991,0.00303146485687575,"down"
"RPL23AP58",3.25520140189999,0.0108877503666899,"up",-2.15339244173672,0.0392413447868095,"down"
"FABP7P1",5.45337000047399,0.0109272757383526,"up",-5.83853430459754,0.00498784817435326,"down"
"LEXM",4.81673821311123,0.010936384902498,"up",-3.34829431934044,0.0406425330363061,"down"
"PRG4",2.24519282404521,0.0109604138328591,"up",-1.91091478314587,0.0075303805127023,"down"
"AGBL5-IT1",2.06548581628517,0.0110045741016393,"up",-1.77478070160592,0.0107903151900071,"down"
"RNA5SP122",5.32701158598694,0.011134356509217,"up",-4.75003001303732,0.0180288886966596,"down"
"MIR3685",2.20631948754562,0.0112491431718789,"up",-1.74351537174537,0.0285723774630382,"down"
"MIR4489",1.74751131469893,0.0115398529314514,"up",-1.50635851462853,0.0232603989604341,"down"
"RNU6-942P",3.39565555758931,0.0117996393261771,"up",-6.90900553309768,1.85971810350832e-05,"down"
"RNU6-1010P",3.11003746170486,0.0119023943950237,"up",-2.72573256170031,0.00936736115933633,"down"
"RAPSN",1.75745162511567,0.0120323436985396,"up",-1.85576898708426,0.00374223105468794,"down"
"TMEM74B",4.85032397721419,0.0122728782695503,"up",-3.32345581319854,0.0497849365253167,"down"
"ATP6V0E1P2",5.38095360298482,0.0123547217532173,"up",-5.76611721686375,0.00566775692124878,"down"
"RN7SL587P",3.79691790940639,0.0125900501097465,"up",-2.58000556163404,0.0398318262184435,"down"
"HNRNPA1P57",5.29665722709633,0.012716982860917,"up",-5.68080493378071,0.0057481132081043,"down"
"MC1R",1.93129875267692,0.0130742134677891,"up",-2.7286532836744,8.47874366498497e-05,"down"
"C1orf100",3.7764083127644,0.0132265500203772,"up",-3.09604564327919,0.0158722057840829,"down"
"SMIM45",3.48574244287307,0.0134049101767489,"up",-6.75170935617294,8.08885652814603e-05,"down"
"BZW1P2",-1.56055244798966,0.013719947428899,"down",1.51685686491813,0.0160589113302697,"up"
"B3GNT4",1.91140482083123,0.0139718149372011,"up",-1.62049226879924,0.025316518735794,"down"
"MIR6859-2",2.80600331274077,0.0139718149372011,"up",-2.96908710037693,0.00688228306143256,"down"
"SPECC1P1",-4.12836174155691,0.0146439414862605,"down",3.65814074734,0.0442671376467006,"up"
"LINC02803",1.80843034971794,0.0147879884884674,"up",-2.09190241942237,0.00902538455962175,"down"
"MIR320E",3.36965352522349,0.0148222331002065,"up",-2.55444497376173,0.0230884015319073,"down"
"FERP1",2.85722274787494,0.0148635651515015,"up",-2.86193108485915,0.0141372745168553,"down"
"HMGB3P24",2.39162292380812,0.0152963100010411,"up",-2.76770650764504,0.00808598075570306,"down"
"DIP2A-IT1",2.1481576341614,0.0162518492703039,"up",-2.71104275943902,0.000679342996905158,"down"
"RPS3AP19",3.03375380459958,0.0165997750222882,"up",-3.41991700704448,0.00656148600205012,"down"
"STX8P1",4.7751675362348,0.0167199577336459,"up",-4.24271376384601,0.0231569235318757,"down"
"YWHAZP3",-2.30002828297881,0.0167900418943791,"down",2.18699490351151,0.0133993949367287,"up"
"TMEM254-AS1",1.97030904482699,0.0168249986393179,"up",-1.63545592383898,0.0228511947137776,"down"
"SULT1A3",2.11508752815989,0.0170212377281236,"up",-1.99243888191613,0.0152685541049452,"down"
"RBM12B-AS1",-1.81613712849395,0.0171160403336427,"down",2.06916739297713,0.00199513868154204,"up"
"AQP7P1",2.54651690511555,0.0175049697077184,"up",-2.31647183680861,0.04175820616604,"down"
"LARP4P",5.20858447711871,0.0178642508939248,"up",-5.59268359441496,0.00858367160936542,"down"
"GRM3",4.20323957982715,0.0180808695121939,"up",-3.19658057844931,0.0438916991234217,"down"
"H1-7",1.51166316663218,0.0183430450080199,"up",-1.7200911078634,0.00913193411768758,"down"
"RNU6-665P",5.19948173116373,0.0183435348942465,"up",-4.62213744674104,0.0279986518525015,"down"
"PSMD10P1",-2.54835555624343,0.0184859151551719,"down",2.27699153630587,0.0359141344282358,"up"
"BGN",4.21218479647746,0.0184981236024902,"up",-3.59080637679585,0.0260227715437745,"down"
"AVPR1B",2.10780491397379,0.0190496197407538,"up",-2.20061946853981,0.0146721952410752,"down"
"RYKP1",2.20901383250612,0.0191841730426749,"up",-3.34268537475523,0.000142779596431122,"down"
"PENK-AS1",-2.07001800456026,0.0195226999028511,"down",2.48819514507072,0.000949821241831104,"up"
"CNDP1",2.01520768493109,0.0197557471047628,"up",-1.88695618676591,0.0369276838059055,"down"
"RNU4-30P",5.13647165384362,0.0207359731022041,"up",-5.52065048440838,0.0101230903623636,"down"
"RNU6-484P",2.74301549017926,0.0208623046714219,"up",-6.79054291901224,3.56497445585439e-05,"down"
"TSNAXIP1",1.50702457489798,0.0209234745566578,"up",-1.61484371125793,0.0101170549431955,"down"
"NDUFA9P1",4.12075579896003,0.0210089489398823,"up",-2.97408608445967,0.0418368389280078,"down"
"LINC00471",-4.56990801691473,0.0214053362915061,"down",4.64692770229488,0.0130730610478697,"up"
"TXLNB",-1.6715523356206,0.0215525305980858,"down",1.80847040624184,0.00568664814179459,"up"
"SPIN2P1",5.16108904599796,0.0217008965469503,"up",-5.54619573253892,0.0107452478782957,"down"
"CCNP",5.13731874556985,0.021986186505152,"up",-5.52132404370033,0.0108713768330032,"down"
"SLED1",4.06649608095476,0.02206242790222,"up",-3.52205168085728,0.0276912262513042,"down"
"RNU6-125P",1.89188750357171,0.0224434940081157,"up",-1.91816283259341,0.019866997095442,"down"
"MTATP6P27",4.03844823307119,0.0225307577109414,"up",-2.82297899145359,0.0481184716057021,"down"
"RPL21P89",3.11302737804484,0.0227930994058232,"up",-3.20774949639443,0.00904684678518063,"down"
"PRR4",1.6698962645145,0.0229175648617143,"up",-1.56097093161399,0.0325420183836783,"down"
"RNU7-143P",5.11207858782158,0.0232759157157065,"up",-5.49673384040365,0.0115778169470967,"down"
"MCAM",1.89842398770676,0.0233517290110929,"up",-1.97023118819614,0.0134967689327794,"down"
"TPI1P2",-1.72718540110313,0.024302174966868,"down",1.71591724080842,0.0198075009385291,"up"
"LINC00865",-2.65527613204009,0.0244721327389611,"down",2.44094686767997,0.0254394513437854,"up"
"NDUFAF2P2",2.74168640435303,0.0247469726189827,"up",-2.99175919555608,0.00788581739129539,"down"
"LINC01119",1.62433223118169,0.0250706552809538,"up",-1.71553280834858,0.00915101448333693,"down"
"AOC3",1.85051046864596,0.0252233636872054,"up",-1.90383082937754,0.0156251308610961,"down"
"MIR4518",2.00370520987218,0.0253003440204167,"up",-3.39146274876896,0.000668659295625133,"down"
"RPS27AP7",2.04110196617866,0.025437880065571,"up",-2.00047997284806,0.0112335302318774,"down"
"RNU6-711P",4.56064717958219,0.0259766925117639,"up",-4.03753253507158,0.0360080784144542,"down"
"LINC01169",-2.12516254344833,0.026425288824293,"down",1.99326629711413,0.0373392794928203,"up"
"RPS15AP16",1.69362066135347,0.026425288824293,"up",-2.61690698506472,0.000113531946706467,"down"
"LINC02367",1.75351918995572,0.0268367267382182,"up",-1.78376704059977,0.0469743081921736,"down"
"TEX12",2.70082479310637,0.0275687989773196,"up",-2.74482170237472,0.0148035155891393,"down"
"PANK2-AS1",1.59723023712936,0.0275905059134941,"up",-1.62846483821933,0.0160257163608849,"down"
"SLC22A4",-5.03213672869476,0.0281851378919872,"down",5.21797676841289,0.00894917070768094,"up"
"BTBD10P2",3.20311728978348,0.0282973807702422,"up",-3.53257908429863,0.0068068041790613,"down"
"SNORA65",1.71133399279275,0.0285552667248343,"up",-1.96502555621539,0.0120855731848979,"down"
"IGFL4",5.07225981123596,0.0287369076238069,"up",-4.49590702578757,0.0412790648848498,"down"
"ATP6V1G1P4",4.09574306173944,0.0288875304044288,"up",-3.91227137614913,0.0245867744739498,"down"
"RTN3P1",-1.50095129224641,0.0289825166578502,"down",1.9596708875809,0.000727890157679581,"up"
"RBM22P2",2.28265502409412,0.0294706088950074,"up",-6.32859418540693,3.22280106158705e-05,"down"
"CPB2",2.7111648942353,0.0297511356071476,"up",-4.88931188868861,0.00144187295934436,"down"
"MIR1244-3",2.0695277716733,0.0300767770421892,"up",-1.70335993652837,0.0313771445807374,"down"
"RPL32P16",1.93291460639681,0.0303498674507407,"up",-1.84563709160394,0.0237522672713868,"down"
"MRS2P2",4.14047209401718,0.0303861763679246,"up",-3.8586994913773,4.61265131462534e-07,"down"
"FOXP1-IT1",1.99432942869096,0.0306112094397216,"up",-1.7950154235852,0.0280738267013812,"down"
"UBA52P8",-2.73627795896188,0.0307220741552637,"down",2.96643919579431,0.00908657358261767,"up"
"PRSS16",-1.87867514432765,0.0311333077380403,"down",2.13339942589167,0.00552604946085078,"up"
"EEF1A1P30",2.40279824416737,0.0319809612193661,"up",-3.13655815082094,0.00694858492236551,"down"
"RNA5SP78",2.74053393692382,0.0325439167952311,"up",-2.90431557131926,0.0224454028577267,"down"
"SNORA70B",4.94741502036808,0.033204559500373,"up",-5.33170796601021,0.0173144628080739,"down"
"UPK3BL2",1.89060837194167,0.0334887806079345,"up",-2.11622569939921,0.0115727611578097,"down"
"BMS1P2",-2.02098488689869,0.0336720007668785,"down",2.88375619226264,6.36109545838715e-05,"up"
"EEF1A1P3",3.27712735175919,0.0337148728747101,"up",-2.96958005164972,1.40832461698865e-14,"down"
"KLF15",-2.22198323631191,0.0340455767469318,"down",2.22378800146824,0.0305774102502024,"up"
"CEBPB-AS1",1.70018395204108,0.0349198831882394,"up",-2.02529093570037,0.011015405821304,"down"
"HNRNPA1P76",3.42460448118495,0.0360757411292252,"up",-4.40417490805963,0.0123589099003022,"down"
"SNORA16B",2.20222633777104,0.0371592962093527,"up",-2.12370242516521,0.0318066406990765,"down"
"EHD3",-4.86710430963027,0.0372057000538653,"down",5.35119422662301,0.00562342275624105,"up"
"SRGAP2-AS1",1.76335962739689,0.0375239972997689,"up",-2.50049753834957,0.00109428237167722,"down"
"PIK3CD-AS2",1.53526983214449,0.0378176644221482,"up",-2.853726655125,0.00102615884382615,"down"
"CASKIN2",-2.44632142761048,0.0378704245029205,"down",3.31851488451551,0.000259637016934978,"up"
"TTC39A",2.25022365405312,0.0379999455611617,"up",-2.14315625529709,0.0224511601863885,"down"
"KIF12",2.16744048095581,0.0389889506656249,"up",-1.85057919869847,0.0434644553042526,"down"
"ARHGEF35-AS1",-2.30618572292238,0.0394214724443159,"down",2.53778195996079,0.0154768531086051,"up"
"PRG2",4.29999341390037,0.0397047497969742,"up",-4.68447836253716,0.0210820878389783,"down"
"RNU6-742P",4.93781488151976,0.0399681753220512,"up",-5.32242159611794,0.0218037013349581,"down"
"CRYBG2",1.54952400052936,0.0401876157101266,"up",-2.98151918112747,0.000392255059321968,"down"
"C6orf132",2.50472677282716,0.0409469960456089,"up",-2.30038944292496,0.0458311885628352,"down"
"RNU6-137P",3.78920400604057,0.0410155962694137,"up",-3.55317583587051,0.0277380949941845,"down"
"NUDCP1",2.51689104842026,0.0412130456158596,"up",-2.11261303861774,0.035308667082294,"down"
"RNF14P3",1.69971188026798,0.0419469359362155,"up",-1.70138920499338,0.034071469621833,"down"
"RBM43P1",4.83356408842895,0.0423645005847883,"up",-5.21794909327155,0.022909209523947,"down"
"GLUD2",-1.79750255852707,0.0428082379393527,"down",2.18672660377003,0.00365567314791002,"up"
"ATP5MC2P3",1.91059030498355,0.0434486612517685,"up",-1.74105403076566,0.0209092234639785,"down"
"SPEF1",4.84370642690627,0.0443334040069767,"up",-5.22785263686062,0.0244079572536241,"down"
"SNORD14",4.81413834945472,0.0449888775537767,"up",-5.19879710902704,0.0246726856931266,"down"
"RNU6-826P",2.6365174993497,0.0452082336609505,"up",-3.54291845480136,0.00127807676340033,"down"
"PCDHGB8P",-3.73014599852142,0.0454177695597818,"down",4.32546084642844,0.00735414875179569,"up"
"CXCL14",4.81444559100916,0.0455745082334881,"up",-5.19902575030559,0.0250853920747778,"down"
"MIR766",2.61375720656026,0.0465607221818418,"up",-3.60160082536903,0.00831715355646253,"down"
"RPS14P5",4.82466487095597,0.0470567160423464,"up",-5.20899302207095,0.02621584887221,"down"
"YTHDF1P1",4.82466487095597,0.0470567160423464,"up",-5.20899302207095,0.02621584887221,"down"
"OTUB2",-2.24633060738631,0.0481927737069832,"down",2.15440374836411,0.0492774370425529,"up"
"SND1-IT1",1.73495101597223,0.0489684786352908,"up",-1.75070084470833,0.024601228565276,"down"
"RPS29P20",4.80472050132658,0.0490247555453187,"up",-5.18938899151427,0.0274007421166029,"down"
"RPL37P6",1.78496691319313,0.0491976811544224,"up",-2.05513767711058,0.0138763089906154,"down"
"DIAPH2-AS1",2.22061737477479,0.0493318297753672,"up",-1.71496450622114,0.0371626798666473,"down"
"RGS8",-1.53935855556451,0.0499074880569974,"down",1.82640379404856,0.00433216014039446,"up"
